token_pos,token_value,layer_1,layer_2,layer_3,layer_4,layer_5,layer_6,layer_7,layer_8,layer_9,layer_10,layer_11,layer_12,layer_13,layer_14,layer_15
0,39492,15,15,16,13,4,22,3,2,3,29,1,16,5,14,0
1,77582,6,15,16,13,4,22,3,2,3,29,1,16,5,14,0
2,10552,7,15,16,13,4,22,3,2,3,29,1,16,5,14,0
3,3185,6,11,7,13,4,22,4,2,3,29,1,16,5,14,0
4,280,6,11,7,13,4,22,4,2,3,29,1,16,5,14,0
5,11,6,11,7,13,4,22,12,2,3,29,1,16,5,14,0
6,2170,6,11,7,13,4,22,4,2,3,10,1,16,5,14,0
7,279,6,11,7,13,4,22,12,2,3,29,1,16,5,14,0
8,23080,6,11,7,13,4,22,12,2,3,10,1,16,5,14,0
9,34413,6,11,7,13,4,22,12,2,3,10,1,16,5,14,0
10,2567,6,11,7,13,4,22,12,2,3,10,1,16,5,14,0
11,15370,6,11,7,13,4,22,4,2,3,29,1,16,5,14,0
12,5906,15,11,7,13,4,22,12,2,3,29,1,16,5,14,0
13,1266,6,11,7,13,4,22,12,2,3,10,1,16,5,14,0
14,3450,15,11,7,13,4,22,12,2,3,10,1,16,5,14,0
15,89059,15,11,7,13,4,22,4,2,3,10,1,16,5,14,0
16,9743,6,11,7,13,4,22,12,2,3,10,1,16,5,14,0
17,8841,6,11,7,13,4,22,12,2,3,10,1,16,5,14,0
18,2018,6,11,7,13,4,22,12,2,3,10,1,16,5,14,0
19,14287,6,11,7,13,4,22,12,2,3,10,1,16,5,14,0
20,5009,6,11,7,13,4,22,12,2,3,10,1,16,5,14,0
21,6070,15,11,7,13,4,22,12,2,3,10,1,16,5,14,0
22,10549,6,11,7,13,4,22,12,2,3,10,1,16,5,14,0
23,30,6,11,7,13,4,22,12,2,3,10,1,16,5,14,0
24,19178,6,11,7,13,4,22,12,2,3,10,1,16,5,14,0
25,10759,6,11,7,13,4,22,12,2,3,10,1,16,5,14,0
26,2009,6,11,7,13,4,22,12,2,3,10,1,16,5,14,0
27,45419,6,11,7,13,4,22,12,2,3,10,1,16,5,14,0
28,78380,15,11,7,13,4,22,12,2,3,10,1,16,5,14,0
29,14555,6,11,7,13,4,22,12,2,3,10,1,16,5,14,0
30,27427,6,11,7,13,4,22,12,2,3,10,1,16,5,14,0
31,4256,6,11,7,13,4,22,12,2,3,10,1,16,5,14,0
32,331,6,11,7,13,4,22,12,2,3,10,1,16,5,14,0
33,4671,6,11,7,13,4,22,12,2,3,10,1,16,5,14,0
34,27483,6,11,7,13,4,22,12,2,3,10,1,16,5,14,0
35,2938,6,11,7,13,4,22,12,2,3,10,1,16,5,14,0
36,1228,6,11,7,13,4,22,12,2,3,10,1,16,5,14,0
37,1983,6,11,7,13,4,22,12,2,3,10,1,16,5,14,0
38,35571,6,11,7,13,4,22,12,2,3,29,1,16,5,14,0
39,5598,6,11,7,13,4,22,12,2,3,10,1,16,5,14,0
40,2115,6,11,7,13,4,22,12,2,3,10,1,16,5,14,0
41,254,6,11,7,13,4,22,12,2,3,10,1,16,5,14,0
42,4256,6,11,7,13,4,22,12,2,3,10,1,16,5,14,0
43,6822,6,11,7,13,4,22,12,2,3,10,1,16,5,14,0
44,40355,6,11,7,13,4,22,12,2,3,10,1,16,5,14,0
45,6142,6,11,7,13,4,22,12,2,3,10,1,16,5,14,0
46,37651,6,11,7,13,4,22,12,2,3,10,1,16,5,14,0
47,11,6,11,7,13,4,22,12,2,3,10,1,16,5,14,0
48,62651,15,11,7,13,4,22,12,2,3,10,1,16,5,14,0
49,1750,15,11,7,13,4,22,12,2,3,10,1,16,5,14,0
50,15886,6,11,7,13,4,22,12,2,3,10,1,16,5,14,0
51,62639,6,11,7,13,4,22,12,2,3,10,1,16,5,14,0
52,47897,6,11,7,13,4,22,12,2,3,29,1,16,5,14,0
53,4361,6,11,7,13,4,22,12,2,3,10,1,16,5,14,0
54,1567,6,11,7,13,4,22,12,2,3,10,1,16,5,14,0
55,39365,6,11,7,13,4,22,12,2,3,10,1,16,5,14,0
56,1329,6,11,7,13,4,22,12,2,3,10,1,16,5,14,0
57,1378,6,11,7,13,4,22,12,2,3,10,1,16,5,14,0
58,80492,6,11,7,13,4,22,12,2,3,10,1,16,5,14,0
59,4617,6,11,7,13,4,22,12,2,3,10,1,16,5,14,0
60,47166,6,11,7,13,4,22,12,2,3,10,1,16,5,14,0
61,19121,15,11,7,13,4,22,12,2,3,10,1,16,5,14,0
62,6764,6,11,7,13,4,22,12,2,3,10,1,16,5,14,0
63,9821,15,11,7,13,4,22,12,2,3,10,1,16,5,14,0
64,1094,6,11,7,13,4,22,12,2,3,10,1,16,5,14,0
65,21388,6,11,7,13,4,22,12,2,3,10,1,16,5,14,0
66,9246,6,11,7,13,4,22,12,2,3,10,1,16,5,14,0
67,37357,6,11,7,13,4,22,12,2,3,10,1,16,5,14,0
68,8516,6,11,7,13,4,22,12,2,3,10,1,16,5,14,0
69,2049,15,11,7,13,4,22,12,2,3,10,1,16,5,14,0
70,3338,6,11,7,13,4,22,12,2,3,10,1,16,5,14,0
71,1667,15,11,7,13,4,22,12,2,3,10,1,16,5,14,0
72,49783,6,11,7,13,4,22,12,2,3,10,1,16,5,14,0
73,29649,15,11,7,13,4,22,12,2,3,10,1,16,5,14,0
74,78655,6,11,7,13,4,22,12,2,3,10,1,16,5,14,0
75,5944,6,11,7,13,4,22,12,2,3,10,1,16,5,14,0
76,1373,6,11,7,13,4,22,12,2,3,10,1,16,5,14,0
77,2752,6,11,7,13,4,22,12,2,3,10,1,16,5,14,0
78,1027,6,11,7,13,4,22,12,2,3,10,1,16,5,14,0
79,7172,15,11,7,13,4,22,12,2,3,10,1,16,5,14,0
80,50214,6,11,7,13,4,22,12,2,3,10,1,16,5,14,0
81,47540,6,11,7,13,4,22,12,2,3,10,1,16,5,14,0
82,11195,6,11,7,13,4,22,12,2,3,10,1,16,5,14,0
83,6629,6,11,7,13,4,22,12,2,3,10,1,16,5,14,0
84,35952,6,11,7,13,4,22,12,2,3,10,1,16,5,14,0
85,1699,6,11,7,13,4,22,12,2,3,10,1,16,5,14,0
86,70238,6,11,7,13,4,22,12,2,3,10,1,16,5,14,0
87,14474,6,11,7,13,4,22,12,2,3,10,1,16,5,14,0
88,1099,15,11,7,13,4,22,12,2,3,10,1,16,5,14,0
89,2603,6,11,7,13,4,22,12,2,3,10,1,16,5,14,0
90,83804,6,11,7,13,4,22,12,2,3,10,1,16,5,14,0
91,23270,6,11,7,13,4,22,12,2,3,10,1,16,5,14,0
92,245,6,11,7,13,4,22,12,2,3,10,1,16,5,14,0
93,34413,6,11,7,13,4,22,12,2,3,10,1,16,5,14,0
94,14310,6,11,7,13,4,22,12,2,3,10,1,16,5,14,0
95,1843,6,11,7,13,4,22,12,2,3,10,1,16,5,14,0
96,4498,15,11,7,13,4,22,12,2,3,10,1,16,5,14,0
97,15630,6,11,7,13,4,22,12,2,3,10,1,16,5,14,0
98,1562,6,11,7,13,4,22,12,2,3,10,1,16,5,14,0
99,1860,6,11,7,13,4,22,12,2,3,10,1,16,5,14,0
100,1555,6,11,7,13,4,22,12,2,3,10,1,16,5,14,0
101,6142,6,11,7,13,4,22,12,2,3,10,1,16,5,14,0
102,4971,6,11,7,13,4,22,12,2,3,10,1,16,5,14,0
103,25136,6,11,7,13,4,22,12,2,3,10,1,16,5,14,0
104,1913,6,11,7,13,4,22,12,2,3,10,1,16,5,14,0
105,2421,6,11,7,13,4,22,12,2,3,10,1,16,5,14,0
106,23143,6,11,7,13,4,22,12,2,3,10,1,16,5,14,0
107,285,6,11,7,13,4,22,12,2,3,10,1,16,5,14,0
108,1481,6,11,7,13,4,22,12,2,3,10,1,16,5,14,0
109,1207,6,11,7,13,4,22,12,2,3,10,1,16,5,14,0
110,2012,6,11,7,13,4,22,12,2,3,10,1,16,5,14,0
111,11,6,11,7,13,4,22,12,2,3,10,1,16,5,14,0
112,14393,6,11,7,13,4,22,12,2,3,10,1,16,5,14,0
113,4043,6,11,7,13,4,22,12,2,3,10,1,16,5,14,0
114,44329,6,11,7,13,4,22,12,2,3,10,1,16,5,14,0
115,37999,6,11,7,13,4,22,12,2,3,10,1,16,5,14,0
116,34413,6,11,7,13,4,22,12,2,3,10,1,16,5,14,0
117,3185,6,11,7,13,4,22,12,2,3,29,1,16,5,14,0
118,15467,15,11,7,13,4,22,12,2,3,10,1,16,5,14,0
119,317,15,11,7,13,4,22,12,2,3,10,1,16,5,14,0
120,62551,6,11,7,13,4,22,12,2,3,10,1,16,5,14,0
121,9821,6,11,7,13,4,22,12,2,3,10,1,16,5,14,0
122,5163,6,11,7,13,4,22,12,2,3,10,1,16,5,14,0
123,1822,6,11,7,13,4,22,12,2,3,10,1,16,5,14,0
124,7685,6,11,7,13,4,22,12,2,3,10,1,16,5,14,0
125,13906,6,11,7,13,4,22,12,2,3,10,1,16,5,14,0
126,1132,6,11,7,13,4,22,12,2,3,10,1,16,5,14,0
127,unknown,6,11,7,13,4,22,12,2,3,10,1,16,5,14,0
128,6142,6,11,7,13,4,22,12,2,3,10,1,16,5,14,0
129,3950,6,11,7,13,4,22,12,2,3,10,1,16,5,14,0
130,1094,15,11,7,13,4,22,12,2,3,10,1,16,5,14,0
131,1068,6,11,7,13,4,22,12,2,3,10,1,16,5,14,0
132,2115,6,11,7,13,4,22,12,2,3,10,1,16,5,14,0
133,48984,6,11,7,13,4,22,12,2,3,10,1,16,5,14,0
134,21388,6,11,7,13,4,22,12,2,3,10,1,16,5,14,0
135,4868,6,11,7,13,4,22,12,2,3,10,1,16,5,14,0
136,317,6,11,7,13,4,22,12,2,3,10,1,16,5,14,0
137,3512,6,11,7,13,4,22,12,2,3,10,1,16,5,14,0
138,2124,6,11,7,13,4,22,12,2,3,10,1,16,5,14,0
139,3502,6,11,7,13,4,22,12,2,3,10,1,16,5,14,0
140,1230,6,11,7,13,4,22,12,2,3,10,1,16,5,14,0
141,11,6,11,7,13,4,22,12,2,3,10,1,16,5,14,0
142,6346,6,11,7,13,4,22,12,2,3,10,1,16,5,14,0
143,1323,6,11,7,13,4,22,12,2,3,10,1,16,5,14,0
144,642,6,11,7,13,4,22,12,2,3,10,1,16,5,14,0
145,17025,6,11,7,13,4,22,12,2,3,10,1,16,5,14,0
146,244,6,11,7,13,4,22,12,2,3,10,1,16,5,14,0
147,34413,15,11,7,13,4,22,12,2,3,10,1,16,5,14,0
148,12486,6,11,7,13,4,22,12,2,3,10,1,16,5,14,0
149,6142,6,11,7,13,4,22,12,2,3,10,1,16,5,14,0
150,29655,6,11,7,13,4,22,12,2,3,10,1,16,5,14,0
151,285,6,11,7,13,4,22,12,2,3,10,1,16,5,14,0
152,5397,6,11,7,13,4,22,12,2,3,10,1,16,5,14,0
153,543,6,11,7,13,4,22,12,2,3,10,1,16,5,14,0
154,6142,6,11,7,13,4,22,12,2,3,10,1,16,5,14,0
155,4971,6,11,7,13,4,22,12,2,3,10,1,16,5,14,0
156,14782,6,11,7,13,4,22,12,2,3,10,1,16,5,14,0
157,280,6,11,7,13,4,22,12,2,3,10,1,16,5,14,0
158,3358,6,11,7,13,4,22,12,2,3,10,1,16,5,14,0
159,12322,6,11,7,13,4,22,12,2,3,10,1,16,5,14,0
160,2360,6,11,7,13,4,22,12,2,3,10,1,16,5,14,0
161,1236,6,11,7,13,4,22,12,2,3,10,1,16,5,14,0
162,33622,6,11,7,13,4,22,12,2,3,10,1,16,5,14,0
163,unknown,6,11,7,13,4,22,12,2,3,10,1,16,5,14,0
164,5698,6,11,7,13,4,22,12,2,3,10,1,16,5,14,0
165,1585,6,11,7,13,4,22,12,2,3,10,1,16,5,14,0
166,2683,6,11,7,13,4,22,12,2,3,10,1,16,5,14,0
167,58190,6,11,7,13,4,22,12,2,3,10,1,16,5,14,0
168,12074,6,11,7,13,4,22,12,2,3,10,1,16,5,14,0
169,6104,6,11,7,13,4,22,12,2,3,10,1,16,5,14,0
170,1275,6,11,7,13,4,22,12,2,3,10,1,16,5,14,0
171,20198,6,11,7,13,4,22,12,2,3,10,1,16,5,14,0
172,7317,6,11,7,13,4,22,12,2,3,10,1,16,5,14,0
173,4169,6,11,7,13,4,22,12,2,3,10,1,16,5,14,0
174,1079,6,11,7,13,4,22,12,2,3,10,1,16,5,14,0
175,2375,15,11,7,13,4,22,12,2,3,10,1,16,5,14,0
176,1373,6,11,7,13,4,22,12,2,3,10,1,16,5,14,0
177,3054,6,11,7,13,4,22,12,2,3,10,1,16,5,14,0
178,15973,6,11,7,13,4,22,12,2,3,10,1,16,5,14,0
179,8168,15,11,7,13,4,22,12,2,3,10,1,16,5,14,0
180,6686,6,11,7,13,4,22,12,2,3,10,1,16,5,14,0
181,20197,6,11,7,13,4,22,12,2,3,10,1,16,5,14,0
182,1234,6,11,7,13,4,22,12,2,3,10,1,16,5,14,0
183,1409,6,11,7,13,4,22,12,2,3,10,1,16,5,14,0
184,14310,6,11,7,13,4,22,12,2,3,10,1,16,5,14,0
185,100000,6,11,7,13,4,22,12,2,3,10,1,16,5,14,0
186,14393,6,11,7,13,4,22,12,2,3,10,1,16,5,14,0
187,1567,6,11,7,13,4,22,12,2,3,10,1,16,5,14,0
188,2643,6,11,7,13,4,22,12,2,3,10,1,16,5,14,0
189,31442,15,11,7,13,4,22,12,2,3,10,1,16,5,14,0
190,1872,15,11,7,13,4,22,12,2,3,10,1,16,5,14,0
191,207,15,11,7,13,4,22,12,2,3,10,1,16,5,14,0
192,1274,15,11,7,13,4,22,12,2,3,10,1,16,5,14,0
193,254,6,11,7,13,4,22,12,2,3,10,1,16,5,14,0
194,17175,6,11,7,13,4,22,12,2,3,10,1,16,5,14,0
195,10654,6,11,7,13,4,22,12,2,3,10,1,16,5,14,0
196,6132,6,11,7,13,4,22,12,2,3,10,1,16,5,14,0
197,10663,6,11,7,13,4,22,12,2,3,10,1,16,5,14,0
198,93742,6,11,7,13,4,22,12,2,3,10,1,16,5,14,0
199,1822,15,11,7,13,4,22,12,2,3,10,1,16,5,14,0
200,6230,15,11,7,13,4,22,12,2,3,10,1,16,5,14,0
201,17467,15,11,7,13,4,22,12,2,3,10,1,16,5,14,0
202,8073,15,11,7,13,4,22,12,2,3,10,1,16,5,14,0
203,6571,6,11,7,13,4,22,12,2,3,10,1,16,5,14,0
204,4266,6,11,7,13,4,22,12,2,3,10,1,16,5,14,0
205,81730,6,11,7,13,4,22,12,2,3,10,1,16,5,14,0
206,4256,6,11,7,13,4,22,12,2,3,10,1,16,5,14,0
207,2295,6,11,7,13,4,22,12,2,3,10,1,16,5,14,0
208,11,15,11,7,13,4,22,12,2,3,10,1,16,5,14,0
209,22955,6,11,7,13,4,22,12,2,3,10,1,16,5,14,0
210,11696,6,11,7,13,4,22,12,2,3,10,1,16,5,14,0
211,11,6,11,7,13,4,22,12,2,3,10,1,16,5,14,0
212,1823,15,11,7,13,4,22,12,2,3,10,1,16,5,14,0
213,48718,6,11,7,13,4,22,12,2,3,10,1,16,5,14,0
214,4256,15,11,7,13,4,22,12,2,3,10,1,16,5,14,0
215,558,6,11,7,13,4,22,12,2,3,10,1,16,5,14,0
216,2401,15,11,7,13,4,22,12,2,3,10,1,16,5,14,0
217,7742,6,11,7,13,4,22,12,2,3,10,1,16,5,14,0
218,4256,15,11,7,13,4,22,12,2,3,10,1,16,5,14,0
219,1069,6,11,7,13,4,22,12,2,3,10,1,16,5,14,0
220,3898,6,11,7,13,4,22,12,2,3,10,1,16,5,14,0
221,6524,6,11,7,13,4,22,12,2,3,10,1,16,5,14,0
222,8155,6,11,7,13,4,22,12,2,3,10,1,16,5,14,0
223,27642,6,11,7,13,4,22,12,2,3,10,1,16,5,14,0
224,39492,6,11,7,13,4,22,12,2,3,10,1,16,5,14,0
225,254,6,11,7,13,4,22,12,2,3,10,1,16,5,14,0
226,1449,6,11,7,13,4,22,12,2,3,10,1,16,5,14,0
227,9146,6,11,7,13,4,22,12,2,3,10,1,16,5,14,0
228,21275,6,11,7,13,4,22,12,2,3,10,1,16,5,14,0
229,10333,6,11,7,13,4,22,12,2,3,10,1,16,5,14,0
230,67040,6,11,7,13,4,22,12,2,3,10,1,16,5,14,0
231,13787,6,11,7,13,4,22,12,2,3,10,1,16,5,14,0
232,254,6,11,7,13,4,22,12,2,3,10,1,16,5,14,0
233,17847,6,11,7,13,4,22,12,2,3,10,1,16,5,14,0
234,1822,6,11,7,13,4,22,12,2,3,10,1,16,5,14,0
235,77321,15,11,7,13,4,22,12,2,3,10,1,16,5,14,0
236,2516,6,11,7,13,4,22,12,2,3,10,1,16,5,14,0
237,1378,6,11,7,13,4,22,12,2,3,10,1,16,5,14,0
238,9622,6,11,7,13,4,22,12,2,3,10,1,16,5,14,0
239,1448,6,11,7,13,4,22,12,2,3,10,1,16,5,14,0
240,10811,15,11,7,13,4,22,12,2,3,10,1,16,5,14,0
241,2683,6,11,7,13,4,22,12,2,3,10,1,16,5,14,0
242,34332,6,11,7,13,4,22,12,2,3,10,1,16,5,14,0
243,2847,15,11,7,13,4,22,12,2,3,10,1,16,5,14,0
244,8752,15,11,7,13,4,22,12,2,3,10,1,16,5,14,0
245,2607,6,11,7,13,4,22,12,2,3,10,1,16,5,14,0
246,6696,15,11,7,13,4,22,12,2,3,10,1,16,5,14,0
247,49762,6,11,7,13,4,22,12,2,3,10,1,16,5,14,0
248,17025,15,11,7,13,4,22,12,2,3,10,1,16,5,14,0
249,11,6,11,7,13,4,22,12,2,3,10,1,16,5,14,0
250,10586,6,11,7,13,4,22,12,2,3,10,1,16,5,14,0
251,15367,6,11,7,13,4,22,12,2,3,10,1,16,5,14,0
252,17025,6,11,7,13,4,22,12,2,3,10,1,16,5,14,0
253,3898,15,11,7,13,4,22,12,2,3,10,1,16,5,14,0
254,1477,15,11,7,13,4,22,12,2,3,10,1,16,5,14,0
255,16148,6,11,7,13,4,22,12,2,3,10,1,16,5,14,0
256,3938,6,11,7,13,4,22,12,2,3,10,1,11,5,14,0
257,4365,15,11,7,13,4,22,4,2,3,29,1,16,5,14,0
258,18039,15,11,7,13,4,22,4,2,3,10,1,16,5,14,0
259,3370,6,11,7,13,4,22,4,2,3,10,1,16,5,14,0
260,1401,6,11,7,13,4,22,4,2,3,29,1,16,5,14,0
261,3667,6,11,7,13,4,22,4,2,3,29,1,16,5,14,0
262,280,6,11,7,13,4,22,4,2,3,29,1,16,5,14,0
263,3358,15,11,7,13,4,22,4,2,3,10,1,16,5,14,0
264,unknown,15,11,7,13,4,22,4,2,3,10,1,16,5,14,0
265,5807,6,11,7,13,4,22,4,2,3,29,1,16,5,14,0
266,4453,6,11,7,13,4,22,12,2,3,10,1,16,5,14,0
267,22948,6,11,7,13,4,22,12,2,3,10,1,16,5,14,0
268,7353,6,11,7,13,4,22,4,2,3,29,1,16,5,14,0
269,9146,15,11,7,13,4,22,4,2,3,29,1,16,5,14,0
270,21275,15,11,7,13,4,22,4,2,3,29,1,16,5,14,0
271,276,15,11,7,13,4,22,4,2,3,29,1,16,5,14,0
272,10359,15,11,7,13,4,22,4,2,3,10,1,16,5,14,0
273,1385,6,11,7,13,4,22,12,2,3,10,1,16,5,14,0
274,657,6,11,7,13,4,22,4,2,3,10,1,16,5,14,0
275,1751,6,11,7,13,4,22,4,2,3,10,1,16,5,14,0
276,4399,15,11,7,13,4,22,4,2,3,10,1,16,5,14,0
277,3634,15,11,7,13,4,22,12,2,3,10,1,16,5,14,0
278,unknown,6,11,7,13,4,22,12,2,3,10,1,16,5,14,0
279,9078,6,11,7,13,4,22,12,2,3,10,1,16,5,14,0
280,68705,6,11,7,13,4,22,12,2,3,10,1,16,5,14,0
281,13754,6,11,7,13,4,22,12,2,3,10,1,16,5,14,0
282,1448,6,11,7,13,4,22,12,2,3,10,1,16,5,14,0
283,14310,15,11,7,13,4,22,4,2,3,10,1,16,5,14,0
284,5298,6,11,7,13,4,22,12,2,3,10,1,16,5,14,0
285,1245,6,11,7,13,4,22,12,2,3,10,1,16,5,14,0
286,2124,15,11,7,13,4,22,12,2,3,10,1,16,5,14,0
287,2367,6,11,7,13,4,22,12,2,3,10,1,16,5,14,0
288,44896,15,11,7,13,4,22,12,2,3,10,1,16,5,14,0
289,14287,6,11,7,13,4,22,12,2,3,10,1,16,5,14,0
290,1275,15,11,7,13,4,22,12,2,3,10,1,16,5,14,0
291,10849,6,11,7,13,4,22,12,2,3,10,1,16,5,14,0
292,6972,6,11,7,13,4,22,12,2,3,10,1,16,5,14,0
293,1094,6,11,7,13,4,22,12,2,3,10,1,16,5,14,0
294,1245,15,11,7,13,4,22,4,2,3,10,1,16,5,14,0
295,1329,15,11,7,13,4,22,12,2,3,10,1,16,5,14,0
296,3898,6,11,7,13,4,22,12,2,3,10,1,16,5,14,0
297,366,6,11,7,13,4,22,12,2,3,10,1,16,5,14,0
298,7353,6,11,7,13,4,22,12,2,3,10,1,16,5,14,0
299,2390,6,11,7,13,4,22,12,2,3,10,1,16,5,14,0
300,73763,6,11,7,13,4,22,12,2,3,10,1,16,5,14,0
301,10586,6,11,7,13,4,22,12,2,3,10,1,16,5,14,0
302,1378,6,11,7,13,4,22,12,2,3,10,1,16,5,14,0
303,22193,6,11,7,13,4,22,12,2,3,10,1,16,5,14,0
304,3914,6,11,7,13,4,22,12,2,3,10,1,16,5,14,0
305,3358,15,11,7,13,4,22,12,2,3,10,1,16,5,14,0
306,34024,6,11,7,13,4,22,12,2,3,10,1,16,5,14,0
307,2156,6,11,7,13,4,22,12,2,3,10,1,16,5,14,0
308,11,15,11,7,13,4,22,12,2,3,10,1,16,5,14,0
309,15365,15,11,7,13,4,22,12,2,3,10,1,16,5,14,0
310,11,15,11,7,13,4,22,12,2,3,10,1,16,5,14,0
311,7534,15,11,7,13,4,22,12,2,3,10,1,16,5,14,0
312,19178,6,11,7,13,4,22,12,2,3,10,1,16,5,14,0
313,10759,6,11,7,13,4,22,12,2,3,10,1,16,5,14,0
314,5944,15,11,7,13,4,22,12,2,3,10,1,16,5,14,0
315,85938,6,11,7,13,4,22,12,2,3,10,1,16,5,14,0
316,1079,6,11,7,13,4,22,4,2,3,10,1,16,5,14,0
317,5397,15,11,7,13,4,22,12,2,3,10,1,16,5,14,0
318,11,6,11,7,13,4,22,12,2,3,10,1,16,5,14,0
319,4569,15,11,7,13,4,22,12,2,3,10,1,16,5,14,0
320,2567,6,11,7,13,4,22,12,2,3,10,1,16,5,14,0
321,41640,6,11,7,13,4,22,12,2,3,10,1,16,5,14,0
322,28630,6,11,7,13,4,22,12,2,3,10,1,16,5,14,0
323,6142,6,11,7,13,4,22,12,2,3,10,1,16,5,14,0
324,7482,6,11,7,13,4,22,12,2,3,10,1,16,5,14,0
325,4311,6,11,7,13,4,22,12,2,3,10,1,16,5,14,0
326,unknown,6,11,7,13,4,22,12,2,3,10,1,16,5,14,0
327,11246,6,11,7,13,4,22,12,2,3,10,1,16,5,14,0
328,46024,6,11,7,13,4,22,12,2,3,10,1,16,5,14,0
329,2200,6,11,7,13,4,22,12,2,3,10,1,16,5,14,0
330,27266,15,11,7,13,4,22,12,2,3,10,1,16,5,14,0
331,11535,6,11,7,13,4,22,12,2,3,10,1,16,5,14,0
332,704,6,11,7,13,4,22,12,2,3,10,1,16,5,14,0
333,938,6,11,7,13,4,22,12,2,3,10,1,16,5,14,0
334,2373,6,11,7,13,4,22,12,2,3,10,1,16,5,14,0
335,2683,6,11,7,13,4,22,12,2,3,10,1,16,5,14,0
336,6723,6,11,7,13,4,22,12,2,3,10,1,16,5,14,0
337,3438,6,11,7,13,4,22,12,2,3,10,1,16,5,14,0
338,17025,6,11,7,13,4,22,12,2,3,10,1,16,5,14,0
339,34775,6,11,7,13,4,22,12,2,3,10,1,16,5,14,0
340,2845,6,11,7,13,4,22,12,2,3,10,1,16,5,14,0
341,13275,6,11,7,13,4,22,12,2,3,10,1,16,5,14,0
342,21388,6,11,7,13,4,22,12,2,3,10,1,16,5,14,0
343,18790,6,11,7,13,4,22,12,2,3,10,1,16,5,14,0
344,11358,6,11,7,13,4,22,12,2,3,10,1,16,5,14,0
345,6303,6,11,7,13,4,22,12,2,3,10,1,16,5,14,0
346,1136,6,11,7,13,4,22,12,2,3,10,1,16,5,14,0
347,1712,15,11,7,13,4,22,12,2,3,10,1,16,5,14,0
348,8752,6,11,7,13,4,22,12,2,3,10,1,16,5,14,0
349,18980,15,11,7,13,4,22,12,2,3,10,1,16,5,14,0
350,34413,6,11,7,13,4,22,12,2,3,10,1,16,5,14,0
351,1822,6,11,7,13,4,22,12,2,3,10,1,16,5,14,0
352,6230,6,11,7,13,4,22,12,2,3,10,1,16,5,14,0
353,30925,6,11,7,13,4,22,12,2,3,10,1,16,5,14,0
354,1245,6,11,7,13,4,22,12,2,3,10,1,16,5,14,0
355,1222,6,11,7,13,4,22,12,2,3,10,1,16,5,14,0
356,1257,15,11,7,13,4,22,12,2,3,10,1,16,5,14,0
357,34413,6,11,7,13,4,22,12,2,3,10,1,16,5,14,0
358,54604,15,11,7,13,4,22,12,2,3,10,1,16,5,14,0
359,11,15,11,7,13,4,22,12,2,3,10,1,16,5,14,0
360,1860,6,11,7,13,4,22,12,2,3,10,1,16,5,14,0
361,14651,6,11,7,13,4,22,12,2,3,10,1,16,5,14,0
362,4084,6,11,7,13,4,22,12,2,3,10,1,16,5,14,0
363,11,6,11,7,13,4,22,12,2,3,10,1,16,5,14,0
364,3159,15,11,7,13,4,22,12,2,3,10,1,16,5,14,0
365,32795,6,11,7,13,4,22,12,2,3,10,1,16,5,14,0
366,1640,6,11,7,13,4,22,12,2,3,10,1,16,5,14,0
367,19347,6,11,7,13,4,22,12,2,3,10,1,16,5,14,0
368,35952,15,11,7,13,4,22,12,2,3,10,1,16,5,14,0
369,4959,6,11,7,13,4,22,12,2,3,10,1,16,5,14,0
370,17270,6,11,7,13,4,22,12,2,3,10,1,16,5,14,0
371,29268,6,11,7,13,4,22,12,2,3,10,1,16,5,14,0
372,13138,15,11,7,13,4,22,12,2,3,10,1,16,5,14,0
373,61176,6,11,7,13,4,22,12,2,3,10,1,16,5,14,0
374,3728,6,11,7,13,4,22,12,2,3,10,1,16,5,14,0
375,18619,6,11,7,13,4,22,12,2,3,10,1,16,5,14,0
376,1094,6,11,7,13,4,22,12,2,3,10,1,16,5,14,0
377,29655,6,11,7,13,4,22,12,2,3,10,1,16,5,14,0
378,64297,6,11,7,13,4,22,12,2,3,10,1,16,5,14,0
379,17208,6,11,7,13,4,22,12,2,3,10,1,16,5,14,0
380,72788,6,11,7,13,4,22,12,2,3,10,1,16,5,14,0
381,50106,6,11,7,13,4,22,12,2,3,10,1,16,5,14,0
382,18708,6,11,7,13,4,22,12,2,3,10,1,16,5,14,0
383,37999,15,11,7,13,4,22,12,2,3,10,1,16,5,14,0
384,29383,15,11,7,13,4,22,12,2,3,10,1,16,5,14,0
385,48891,15,11,7,13,4,22,12,2,3,10,1,16,5,14,0
386,1962,6,11,7,13,4,22,12,2,3,10,1,16,5,14,0
387,1401,6,11,7,13,4,22,12,2,3,10,1,16,5,14,0
388,5698,6,11,7,13,4,22,12,2,3,10,1,16,5,14,0
389,13930,6,11,7,13,4,22,12,2,3,10,1,16,5,14,0
390,10586,15,11,7,13,4,22,12,2,3,10,1,16,5,14,0
391,5397,6,11,7,13,4,22,12,2,3,10,1,16,5,14,0
392,429,6,11,7,13,4,22,12,2,3,10,1,16,5,14,0
393,4716,15,11,7,13,4,22,12,2,3,10,1,16,5,14,0
394,4245,6,11,7,13,4,22,12,2,3,10,1,16,5,14,0
395,8800,15,11,7,13,4,22,12,2,3,10,1,16,5,14,0
396,4144,6,11,7,13,4,22,12,2,3,10,1,16,5,14,0
397,39713,15,11,7,13,4,22,12,2,3,10,1,16,5,14,0
398,3148,15,11,7,13,4,22,12,2,3,10,1,16,5,14,0
399,2170,15,11,7,13,4,22,12,2,3,10,1,16,5,14,0
400,6208,6,11,7,13,4,22,12,2,3,10,1,16,5,14,0
401,23080,6,11,7,13,4,22,12,2,3,10,1,16,5,14,0
402,33420,6,11,7,13,4,22,12,2,3,10,1,16,5,14,0
403,34413,6,11,7,13,4,22,12,2,3,29,1,16,5,14,0
404,1822,6,11,7,13,4,22,12,2,3,10,1,16,5,14,0
405,6571,15,11,7,13,4,22,12,2,3,10,1,16,5,14,0
406,3148,6,11,7,13,4,22,12,2,3,10,1,16,5,14,0
407,5463,15,11,7,13,4,22,12,2,3,10,1,16,5,14,0
408,11,6,11,7,13,4,22,12,2,3,10,1,16,5,14,0
409,3474,15,11,7,13,4,22,12,2,3,10,1,16,5,14,0
410,2421,15,11,7,13,4,22,12,2,3,10,1,16,5,14,0
411,642,6,11,7,13,4,22,12,2,3,29,1,16,5,14,0
412,1084,6,11,7,13,4,22,12,2,3,10,1,16,5,14,0
413,3358,6,11,7,13,4,22,12,2,3,10,1,16,5,14,0
414,1608,6,11,7,13,4,22,12,2,3,10,1,16,5,14,0
415,1207,15,11,7,13,4,22,12,2,3,10,1,16,5,14,0
416,46724,15,11,7,13,4,22,12,2,3,10,1,16,5,14,0
417,18277,6,11,7,13,4,22,12,2,3,10,1,16,5,14,0
418,1236,6,11,7,13,4,22,12,2,3,10,1,16,5,14,0
419,6142,6,11,7,13,4,22,12,2,3,10,1,16,5,14,0
420,4971,15,11,7,13,4,22,12,2,3,10,1,16,5,14,0
421,1090,6,11,7,13,4,22,12,2,3,10,1,16,5,14,0
422,1079,15,11,7,13,4,22,12,2,3,10,1,16,5,14,0
423,1461,6,11,7,13,4,22,12,2,3,10,1,16,5,14,0
424,2115,6,11,7,13,4,22,12,2,3,10,1,16,5,14,0
425,8662,6,11,7,13,4,22,12,2,3,10,1,16,5,14,0
426,429,6,11,7,13,4,22,12,2,3,10,1,16,5,14,0
427,24298,15,11,7,13,4,22,12,2,3,10,1,16,5,14,0
428,3436,15,11,7,13,4,22,12,2,3,10,1,16,5,14,0
429,10304,15,11,7,13,4,22,12,2,3,10,1,16,5,14,0
430,6146,6,11,7,13,4,22,12,2,3,10,1,16,5,14,0
431,3550,6,11,7,13,4,22,12,2,3,10,1,16,5,14,0
432,62751,6,11,7,13,4,22,12,2,3,10,1,16,5,14,0
433,15811,6,11,7,13,4,22,12,2,3,10,1,16,5,14,0
434,1066,6,11,7,13,4,22,12,2,3,10,1,16,5,14,0
435,35387,6,11,7,13,4,22,12,2,3,10,1,16,5,14,0
436,3898,15,11,7,13,4,22,12,2,3,10,1,16,5,14,0
437,41278,6,11,7,13,4,22,12,2,3,10,1,16,5,14,0
438,54078,6,11,7,13,4,22,12,2,3,10,1,16,5,14,0
439,5730,6,11,7,13,4,22,12,2,3,10,1,16,5,14,0
440,1108,6,11,7,13,4,22,12,2,3,10,1,16,5,14,0
441,3111,15,11,7,13,4,22,12,2,3,10,1,16,5,14,0
442,9886,6,11,7,13,4,22,12,2,3,10,1,16,5,14,0
443,1166,15,11,7,13,4,22,12,2,3,10,1,16,5,14,0
444,2971,6,11,7,13,4,22,12,2,3,10,1,16,5,14,0
445,4223,15,11,7,13,4,22,12,2,3,10,1,16,5,14,0
446,11,6,11,7,13,4,22,12,2,3,10,1,16,5,14,0
447,2447,15,11,7,13,4,22,12,2,3,10,1,16,5,14,0
448,32795,6,11,7,13,4,22,12,2,3,10,1,16,5,14,0
449,11818,6,11,7,13,4,22,12,2,3,10,1,16,5,14,0
450,50993,6,11,7,13,4,22,12,2,3,10,1,16,5,14,0
451,633,6,11,7,13,4,22,12,2,3,10,1,16,5,14,0
452,5023,6,11,7,13,4,22,12,2,3,10,1,16,5,14,0
453,3805,6,11,7,13,4,22,12,2,3,10,1,16,5,14,0
454,14513,15,11,7,13,4,22,12,2,3,10,1,16,5,14,0
455,98887,6,11,7,13,4,22,12,2,3,10,1,16,5,14,0
456,18182,6,11,7,13,4,22,12,2,3,10,1,16,5,14,0
457,2847,15,11,7,13,4,22,12,2,3,10,1,16,5,14,0
458,19404,15,11,7,13,4,22,12,2,3,10,1,16,5,14,0
459,12881,6,11,7,13,4,22,12,2,3,10,1,16,5,14,0
460,10759,6,11,7,13,4,22,12,2,3,29,1,16,5,14,0
461,254,6,11,7,13,4,22,12,2,3,10,1,16,5,14,0
462,4671,15,11,7,13,4,22,12,2,3,10,1,16,5,14,0
463,46555,6,11,7,13,4,22,12,2,3,10,1,16,5,14,0
464,9243,15,11,7,13,4,22,12,2,3,10,1,16,5,14,0
465,2567,6,11,7,13,4,22,12,2,3,10,1,16,5,14,0
466,30317,6,11,7,13,4,22,12,2,3,10,1,16,5,14,0
467,661,6,11,7,13,4,22,12,2,3,10,1,16,5,14,0
468,unknown,6,11,7,13,4,22,12,2,3,10,1,16,5,14,0
469,15256,15,11,7,13,4,22,12,2,3,10,1,16,5,14,0
470,5577,15,11,7,13,4,22,12,2,3,10,1,16,5,14,0
471,22548,6,11,7,13,4,22,12,2,3,10,1,16,5,14,0
472,34366,6,11,7,13,4,22,12,2,3,10,1,16,5,14,0
473,1084,6,11,7,13,4,22,12,2,3,10,1,16,5,14,0
474,1297,6,11,7,13,4,22,12,2,3,10,1,16,5,14,0
475,1373,6,11,7,13,4,22,4,2,3,10,1,16,5,14,0
476,36026,6,11,7,13,4,22,12,2,3,10,1,16,5,14,0
477,3287,15,11,7,13,4,22,12,2,3,10,1,16,5,14,0
478,633,6,11,7,13,4,22,12,2,3,10,1,16,5,14,0
479,3450,15,11,7,13,4,22,12,2,3,10,1,16,5,14,0
480,11,15,11,7,13,4,22,12,2,3,10,1,16,5,14,0
481,8243,15,11,7,13,4,22,12,2,3,10,1,16,5,14,0
482,5023,6,11,7,13,4,22,12,2,3,10,1,16,5,14,0
483,11,6,11,7,13,4,22,12,2,3,10,1,16,5,14,0
484,37999,15,11,7,13,4,22,12,2,3,10,1,16,5,14,0
485,29383,6,11,7,13,4,22,12,2,3,10,1,16,5,14,0
486,6617,6,11,7,13,4,22,12,2,3,10,1,16,5,14,0
487,39492,15,11,7,13,4,22,12,2,3,10,1,16,5,14,0
488,34413,15,11,7,13,4,22,12,2,3,10,1,16,5,14,0
489,5312,15,11,7,13,4,22,12,2,3,10,1,16,5,14,0
490,20151,15,11,7,13,4,22,12,2,3,10,1,16,5,14,0
491,74912,6,11,7,13,4,22,12,2,3,10,1,16,5,14,0
492,4256,15,11,7,13,4,22,12,2,3,10,1,16,5,14,0
493,7017,6,11,7,13,4,22,12,2,3,10,1,16,5,14,0
494,5562,15,11,7,13,4,22,12,2,3,10,1,16,5,14,0
495,4078,6,11,7,13,4,22,12,2,3,10,1,16,5,14,0
496,25480,15,11,7,13,4,22,12,2,3,10,1,16,5,14,0
497,4256,15,11,7,13,4,22,12,2,3,10,1,16,5,14,0
498,39713,6,11,7,13,4,22,12,2,3,10,1,16,5,14,0
499,1084,15,11,7,13,4,22,12,2,3,10,1,16,5,14,0
500,2317,6,11,7,13,4,22,12,2,3,10,1,16,5,14,0
501,2296,6,11,7,13,4,22,12,2,3,10,1,16,5,14,0
502,9578,15,11,7,13,4,22,12,2,3,10,1,16,5,14,0
503,22955,15,11,7,13,4,22,12,2,3,10,1,16,5,14,0
504,11696,6,11,7,13,4,22,12,2,3,10,1,16,5,14,0
505,3898,6,11,7,13,4,22,12,2,3,10,1,16,5,14,0
506,11,15,11,7,13,4,22,12,2,3,10,1,16,5,14,0
507,4078,6,11,7,13,4,22,12,2,3,10,1,16,5,14,0
508,14153,6,11,7,13,4,22,12,2,3,10,1,16,5,14,0
509,47540,6,11,7,13,4,22,12,2,3,10,1,16,5,14,0
510,2616,6,11,7,13,4,22,12,2,3,10,1,16,5,14,0
511,1207,15,11,7,13,4,22,12,2,3,10,1,16,5,14,0
512,14153,15,15,16,13,4,22,3,2,3,29,1,16,5,14,0
513,4256,15,15,16,13,4,22,3,2,3,29,1,16,5,14,0
514,634,15,11,7,13,4,22,4,2,3,29,1,16,5,14,0
515,39713,6,11,7,13,4,22,12,2,3,10,1,16,5,14,0
516,48718,15,11,7,13,4,22,12,2,3,29,1,16,5,14,0
517,4256,15,11,7,13,4,22,4,2,3,10,1,16,5,14,0
518,2296,15,11,7,13,4,22,4,2,3,29,1,16,5,14,0
519,36026,15,11,7,13,4,22,4,2,3,29,1,16,5,14,0
520,17592,6,11,7,13,4,22,12,2,3,10,1,16,5,14,0
521,11440,15,11,7,13,4,22,12,2,3,29,1,16,5,14,0
522,21388,15,11,7,13,4,22,4,2,3,29,1,16,5,14,0
523,4256,15,11,7,13,4,22,4,2,3,29,1,16,5,14,0
524,81742,15,11,7,13,4,22,4,2,3,29,1,16,5,14,0
525,8516,6,11,7,13,4,22,12,2,3,10,1,16,5,14,0
526,2049,6,11,7,13,4,22,12,2,3,10,1,16,5,14,0
527,5039,15,11,7,13,4,22,12,2,3,29,1,16,5,14,0
528,3615,15,11,7,13,4,22,12,2,3,29,1,16,5,14,0
529,82663,6,11,7,13,4,22,12,2,3,10,1,16,5,14,0
530,6754,15,11,7,13,4,22,12,2,3,29,1,16,5,14,0
531,4266,15,11,7,13,4,22,12,2,3,10,1,16,5,14,0
532,81730,6,11,7,13,4,22,12,2,3,10,1,16,5,14,0
533,4256,15,11,7,13,4,22,4,2,3,10,1,16,5,14,0
534,3837,15,11,7,13,4,22,12,2,3,10,1,16,5,14,0
535,1733,15,11,7,13,4,22,12,2,3,10,1,16,5,14,0
536,2367,15,11,7,13,4,22,12,2,3,10,1,16,5,14,0
537,81730,15,11,7,13,4,22,12,2,3,10,1,16,5,14,0
538,4256,15,11,7,13,4,22,12,2,3,10,1,16,5,14,0
539,11,15,11,7,13,4,22,12,2,3,29,1,16,5,14,0
540,48718,6,11,7,13,4,22,12,2,3,10,1,16,5,14,0
541,10849,6,11,7,13,4,22,12,2,3,10,1,16,5,14,0
542,11,15,11,7,13,4,22,12,2,3,29,1,16,5,14,0
543,22955,15,11,7,13,4,22,4,2,3,10,1,16,5,14,0
544,11696,15,11,7,13,4,22,4,2,3,29,1,16,5,14,0
545,3694,15,11,7,13,4,22,12,2,3,10,1,16,5,14,0
546,7665,15,11,7,13,4,22,12,2,3,29,1,16,5,14,0
547,4256,15,11,7,13,4,22,12,2,3,29,1,16,5,14,0
548,11,15,11,7,13,4,22,12,2,3,10,1,16,5,14,0
549,11694,15,11,7,13,4,22,12,2,3,10,1,16,5,14,0
550,6851,6,11,7,13,4,22,12,2,3,10,1,16,5,14,0
551,19347,15,11,7,13,4,22,12,2,3,29,1,16,5,14,0
552,18790,15,11,7,13,4,22,12,2,3,29,1,16,5,14,0
553,11,6,11,7,13,4,22,12,2,3,10,1,16,5,14,0
554,22193,6,11,7,13,4,22,12,2,3,29,1,16,5,14,0
555,5598,15,11,7,13,4,22,12,2,3,10,1,16,5,14,0
556,1453,15,11,7,13,4,22,12,2,3,10,1,16,5,14,0
557,1191,15,11,7,13,4,22,4,2,3,10,1,16,5,14,0
558,4780,6,11,7,13,4,22,12,2,3,10,1,16,5,14,0
559,1236,15,11,7,13,4,22,12,2,3,10,1,16,5,14,0
560,1462,15,11,7,13,4,22,12,2,3,10,1,16,5,14,0
561,1567,15,11,7,13,4,22,12,2,3,10,1,16,5,14,0
562,1113,6,11,7,13,4,22,12,2,3,10,1,16,5,14,0
563,2296,15,11,7,13,4,22,12,2,3,10,1,16,5,14,0
564,4169,6,11,7,13,4,22,12,2,3,29,1,16,5,14,0
565,10245,6,11,7,13,4,22,12,2,3,10,1,16,5,14,0
566,1094,6,11,7,13,4,22,12,2,3,10,1,16,5,14,0
567,13584,15,11,7,13,4,22,12,2,3,10,1,16,5,14,0
568,5538,15,11,7,13,4,22,12,2,3,10,1,16,5,14,0
569,20972,6,11,7,13,4,22,12,2,3,10,1,16,5,14,0
570,3046,15,11,7,13,4,22,12,2,3,10,1,16,5,14,0
571,4875,15,11,7,13,4,22,12,2,3,29,1,16,5,14,0
572,5181,15,11,7,13,4,22,12,2,3,10,1,16,5,14,0
573,633,15,11,7,13,4,22,12,2,3,29,1,16,5,14,0
574,1207,15,11,7,13,4,22,12,2,3,10,1,16,5,14,0
575,14287,6,11,7,13,4,22,12,2,3,10,1,16,5,14,0
576,4334,15,11,7,13,4,22,12,2,3,10,1,16,5,14,0
577,15109,6,11,7,13,4,22,12,2,3,10,1,16,5,14,0
578,23809,15,11,7,13,4,22,12,2,3,10,1,16,5,14,0
579,3450,15,11,7,13,4,22,12,2,3,10,1,16,5,14,0
580,10899,6,11,7,13,4,22,12,2,3,10,1,16,5,14,0
581,14287,6,11,7,13,4,22,12,2,3,10,1,16,5,14,0
582,60999,6,11,7,13,4,22,12,2,3,10,1,16,5,14,0
583,39492,15,11,7,13,4,22,12,2,3,10,1,16,5,14,0
584,10483,6,11,7,13,4,22,12,2,3,10,1,16,5,14,0
585,85022,6,11,7,13,4,22,12,2,3,10,1,16,5,14,0
586,30694,15,11,7,13,4,22,12,2,3,10,1,16,5,14,0
587,5438,15,11,7,13,4,22,12,2,3,10,1,16,5,14,0
588,3244,15,11,7,13,4,22,12,2,3,10,1,16,5,14,0
589,22002,15,11,7,13,4,22,12,2,3,10,1,16,5,14,0
590,2938,15,11,7,13,4,22,12,2,3,10,1,16,5,14,0
591,2853,6,11,7,13,4,22,12,2,3,10,1,16,5,14,0
592,12366,15,11,7,13,4,22,12,2,3,10,1,16,5,14,0
593,938,6,11,7,13,4,22,12,2,3,10,1,16,5,14,0
594,31112,6,11,7,13,4,22,12,2,3,10,1,16,5,14,0
595,6685,6,11,7,13,4,22,12,2,3,10,1,16,5,14,0
596,17715,6,11,7,13,4,22,12,2,3,10,1,16,5,14,0
597,5071,6,11,7,13,4,22,12,2,3,10,1,16,5,14,0
598,6159,15,11,7,13,4,22,12,2,3,10,1,16,5,14,0
599,1567,6,11,7,13,4,22,12,2,3,10,1,16,5,14,0
600,34413,15,11,7,13,4,22,12,2,3,10,1,16,5,14,0
601,1822,6,11,7,13,4,22,12,2,3,10,1,16,5,14,0
602,636,15,11,7,13,4,22,12,2,3,10,1,16,5,14,0
603,3450,6,11,7,13,4,22,12,2,3,10,1,16,5,14,0
604,13962,15,11,7,13,4,22,12,2,3,10,1,16,5,14,0
605,57150,6,11,7,13,4,22,12,2,3,10,1,16,5,14,0
606,13983,6,11,7,13,4,22,12,2,3,10,1,16,5,14,0
607,5071,15,11,7,13,4,22,12,2,3,10,1,16,5,14,0
608,37640,6,11,7,13,4,22,12,2,3,10,1,16,5,14,0
609,100000,6,11,7,13,4,22,12,2,3,10,1,16,5,14,0
610,44068,6,11,7,13,4,22,12,2,3,10,1,16,5,14,0
611,1448,6,11,7,13,4,22,12,2,3,10,1,16,5,14,0
612,3693,15,11,7,13,4,22,12,2,3,10,1,16,5,14,0
613,2683,6,11,7,13,4,22,12,2,3,10,1,16,5,14,0
614,6611,6,11,7,13,4,22,12,2,3,10,1,16,5,14,0
615,1580,15,11,7,13,4,22,12,2,3,10,1,16,5,14,0
616,11,6,11,7,13,4,22,12,2,3,10,1,16,5,14,0
617,3769,15,11,7,13,4,22,12,2,3,10,1,16,5,14,0
618,1145,6,11,7,13,4,22,12,2,3,10,1,16,5,14,0
619,633,6,11,7,13,4,22,12,2,3,10,1,16,5,14,0
620,1604,6,11,7,13,4,22,12,2,3,10,1,16,5,14,0
621,2167,6,11,7,13,4,22,12,2,3,10,1,16,5,14,0
622,5023,6,11,7,13,4,22,12,2,3,10,1,16,5,14,0
623,1682,6,11,7,13,4,22,12,2,3,10,1,16,5,14,0
624,6899,6,11,7,13,4,22,12,2,3,10,1,16,5,14,0
625,54674,6,11,7,13,4,22,12,2,3,10,1,16,5,14,0
626,38853,6,11,7,13,4,22,12,2,3,10,1,16,5,14,0
627,6978,15,11,7,13,4,22,12,2,3,10,1,16,5,14,0
628,15945,15,11,7,13,4,22,12,2,3,10,1,16,5,14,0
629,4317,15,11,7,13,4,22,12,2,3,10,1,16,5,14,0
630,87790,15,11,7,13,4,22,12,2,3,10,1,16,5,14,0
631,3571,6,11,7,13,4,22,12,2,3,10,1,16,5,14,0
632,33398,6,11,7,13,4,22,12,2,3,10,1,16,5,14,0
633,unknown,15,11,7,13,4,22,12,2,3,10,1,16,5,14,0
634,1525,6,11,7,13,4,22,12,2,3,10,1,16,5,14,0
635,3244,6,11,7,13,4,22,12,2,3,10,1,16,5,14,0
636,7148,15,11,7,13,4,22,12,2,3,10,1,16,5,14,0
637,1113,6,11,7,13,4,22,12,2,3,10,1,16,5,14,0
638,2622,15,11,7,13,4,22,12,2,3,10,1,16,5,14,0
639,10498,15,11,7,13,4,22,12,2,3,10,1,16,5,14,0
640,unknown,15,11,7,13,4,22,12,2,3,10,1,16,5,14,0
641,4365,6,11,7,13,4,22,12,2,3,10,1,16,5,14,0
642,11603,6,11,7,13,4,22,12,2,3,10,1,16,5,14,0
643,13553,6,11,7,13,4,22,12,2,3,10,1,16,5,14,0
644,1330,15,11,7,13,4,22,12,2,3,10,1,16,5,14,0
645,9078,6,11,7,13,4,22,12,2,3,10,1,16,5,14,0
646,1797,6,11,7,13,4,22,12,2,3,10,1,16,5,14,0
647,18940,6,11,7,13,4,22,12,2,3,10,1,16,5,14,0
648,2023,6,11,7,13,4,22,12,2,3,10,1,16,5,14,0
649,3302,6,11,7,13,4,22,12,2,3,10,1,16,5,14,0
650,47312,6,11,7,13,4,22,12,2,3,10,1,16,5,14,0
651,3358,6,11,7,13,4,22,12,2,3,10,1,16,5,14,0
652,1069,15,11,7,13,4,22,12,2,3,10,1,16,5,14,0
653,47540,6,11,7,13,4,22,12,2,3,10,1,16,5,14,0
654,45892,6,11,7,13,4,22,12,2,3,10,1,16,5,14,0
655,1401,6,11,7,13,4,22,12,2,3,10,1,16,5,14,0
656,634,6,11,7,13,4,22,12,2,3,10,1,16,5,14,0
657,unknown,6,11,7,13,4,22,12,2,3,10,1,16,5,14,0
658,13930,6,11,7,13,4,22,12,2,3,10,1,16,5,14,0
659,10586,6,11,7,13,4,22,12,2,3,10,1,16,5,14,0
660,34413,6,11,7,13,4,22,12,2,3,10,1,16,5,14,0
661,1822,6,11,7,13,4,22,12,2,3,10,1,16,5,14,0
662,4403,15,11,7,13,4,22,12,2,3,10,1,16,5,14,0
663,2170,15,11,7,13,4,22,12,2,3,10,1,16,5,14,0
664,5538,6,11,7,13,4,22,12,2,3,10,1,16,5,14,0
665,23080,6,11,7,13,4,22,12,2,3,10,1,16,5,14,0
666,3804,6,11,7,13,4,22,12,2,3,10,1,16,5,14,0
667,22193,6,11,7,13,4,22,12,2,3,10,1,16,5,14,0
668,12057,6,11,7,13,4,22,12,2,3,10,1,16,5,14,0
669,14287,15,11,7,13,4,22,12,2,3,10,1,16,5,14,0
670,5458,15,11,7,13,4,22,12,2,3,10,1,16,5,14,0
671,1376,6,11,7,13,4,22,12,2,3,10,1,16,5,14,0
672,45267,6,11,7,13,4,22,12,2,3,10,1,16,5,14,0
673,33420,6,11,7,13,4,22,12,2,3,10,1,16,5,14,0
674,10056,6,11,7,13,4,22,12,2,3,10,1,16,5,14,0
675,39492,6,11,7,13,4,22,12,2,3,10,1,16,5,14,0
676,17918,6,11,7,13,4,22,12,2,3,10,1,16,5,14,0
677,1121,6,11,7,13,4,22,12,2,3,10,1,16,5,14,0
678,1069,6,11,7,13,4,22,12,2,3,10,1,16,5,14,0
679,3438,15,11,7,13,4,22,12,2,3,10,1,16,5,14,0
680,3042,6,11,7,13,4,22,12,2,3,10,1,16,5,14,0
681,4380,15,11,7,13,4,22,12,2,3,10,1,16,5,14,0
682,8244,6,11,7,13,4,22,12,2,3,10,1,16,5,14,0
683,90559,15,11,7,13,4,22,12,2,3,10,1,16,5,14,0
684,4245,6,11,7,13,4,22,12,2,3,10,1,16,5,14,0
685,8800,15,11,7,13,4,22,12,2,3,10,1,16,5,14,0
686,938,6,11,7,13,4,22,12,2,3,10,1,16,5,14,0
687,2170,6,11,7,13,4,22,12,2,3,10,1,16,5,14,0
688,1216,6,11,7,13,4,22,12,2,3,10,1,16,5,14,0
689,19461,15,11,7,13,4,22,12,2,3,10,1,16,5,14,0
690,4628,6,11,7,13,4,22,12,2,3,29,1,16,5,14,0
691,1068,6,11,7,13,4,22,12,2,3,10,1,16,5,14,0
692,11,6,11,7,13,4,22,12,2,3,10,1,16,5,14,0
693,34413,6,11,7,13,4,22,12,2,3,10,1,16,5,14,0
694,1822,15,11,7,13,4,22,12,2,3,10,1,16,5,14,0
695,14408,6,11,7,13,4,22,12,2,3,10,1,16,5,14,0
696,40355,6,11,7,13,4,22,12,2,3,10,1,16,5,14,0
697,11588,6,11,7,13,4,22,12,2,3,10,1,16,5,14,0
698,2764,6,11,7,13,4,22,12,2,3,10,1,16,5,14,0
699,14539,6,11,7,13,4,22,12,2,3,10,1,16,5,14,0
700,26506,6,11,7,13,4,22,12,2,3,10,1,16,5,14,0
701,4355,6,11,7,13,4,22,12,2,3,10,1,16,5,14,0
702,11588,6,11,7,13,4,22,12,2,3,10,1,16,5,14,0
703,5071,15,11,7,13,4,22,12,2,3,10,1,16,5,14,0
704,37640,6,11,7,13,4,22,12,2,3,10,1,16,5,14,0
705,1714,6,11,7,13,4,22,12,2,3,10,1,16,5,14,0
706,11,6,11,7,13,4,22,12,2,3,10,1,16,5,14,0
707,5479,6,11,7,13,4,22,12,2,3,10,1,16,5,14,0
708,39365,15,11,7,13,4,22,12,2,3,10,1,16,5,14,0
709,11246,6,11,7,13,4,22,12,2,3,10,1,16,5,14,0
710,29629,6,11,7,13,4,22,12,2,3,10,1,16,5,14,0
711,35717,15,11,7,13,4,22,12,2,3,10,1,16,5,14,0
712,1943,6,11,7,13,4,22,12,2,3,10,1,16,5,14,0
713,4991,15,11,7,13,4,22,12,2,3,10,1,16,5,14,0
714,1943,6,11,7,13,4,22,12,2,3,10,1,16,5,14,0
715,9812,6,11,7,13,4,22,12,2,3,10,1,16,5,14,0
716,2246,15,11,7,13,4,22,12,2,3,10,1,16,5,14,0
717,47540,6,11,7,13,4,22,12,2,3,10,1,16,5,14,0
718,unknown,15,11,7,13,4,22,12,2,3,10,1,16,5,14,0
719,6230,6,11,7,13,4,22,12,2,3,10,1,16,5,14,0
720,5730,6,11,7,13,4,22,12,2,3,10,1,16,5,14,0
721,22948,6,11,7,13,4,22,12,2,3,10,1,16,5,14,0
722,3571,6,11,7,13,4,22,12,2,3,10,1,16,5,14,0
723,12978,6,11,7,13,4,22,12,2,3,10,1,16,5,14,0
724,1843,6,11,7,13,4,22,12,2,3,10,1,16,5,14,0
725,18790,15,11,7,13,4,22,12,2,3,10,1,16,5,14,0
726,5598,6,11,7,13,4,22,12,2,3,10,1,16,5,14,0
727,7961,6,11,7,13,4,22,12,2,3,10,1,16,5,14,0
728,9944,15,11,7,13,4,22,12,2,3,10,1,16,5,14,0
729,48718,6,11,7,13,4,22,12,2,3,10,1,16,5,14,0
730,4256,6,11,7,13,4,22,12,2,3,10,1,16,5,14,0
731,1477,6,11,7,13,4,22,12,2,3,10,1,16,5,14,0
732,3072,15,11,7,13,4,22,12,2,3,10,1,16,5,14,0
733,22955,6,11,7,13,4,22,12,2,3,10,1,16,5,14,0
734,11696,6,11,7,13,4,22,12,2,3,10,1,16,5,14,0
735,1425,6,11,7,13,4,22,12,2,3,10,1,16,5,14,0
736,366,15,11,7,13,4,22,12,2,3,10,1,16,5,14,0
737,57886,15,11,7,13,4,22,12,2,3,10,1,16,5,14,0
738,unknown,15,11,7,13,4,22,12,2,3,10,1,16,5,14,0
739,7952,6,11,7,13,4,22,12,2,3,10,1,16,5,14,0
740,4266,6,11,7,13,4,22,12,2,3,10,1,16,5,14,0
741,81730,6,11,7,13,4,22,12,2,3,10,1,16,5,14,0
742,4256,15,11,7,13,4,22,12,2,3,10,1,16,5,14,0
743,1567,6,11,7,13,4,22,12,2,3,10,1,16,5,14,0
744,35468,6,11,7,13,4,22,12,2,3,10,1,16,5,14,0
745,45557,15,11,7,13,4,22,12,2,3,10,1,16,5,14,0
746,4078,6,11,7,13,4,22,12,2,3,10,1,16,5,14,0
747,14153,6,11,7,13,4,22,12,2,3,10,1,16,5,14,0
748,47540,6,11,7,13,4,22,12,2,3,10,1,16,5,14,0
749,2622,6,11,7,13,4,22,12,2,3,10,1,16,5,14,0
750,3415,6,11,7,13,4,22,12,2,3,10,1,16,5,14,0
751,4711,15,11,7,13,4,22,12,2,3,10,1,16,5,14,0
752,41640,15,11,7,13,4,22,12,2,3,10,1,16,5,14,0
753,33875,6,11,7,13,4,22,12,2,3,10,1,16,5,14,0
754,7988,6,11,7,13,4,22,12,2,3,10,1,16,5,14,0
755,15053,6,11,7,13,4,22,12,2,3,10,1,16,5,14,0
756,10915,6,11,7,13,4,22,12,2,3,10,1,16,5,14,0
757,9370,15,11,7,13,4,22,12,2,3,29,1,16,5,14,0
758,8728,6,11,7,13,4,22,12,2,3,10,1,16,5,14,0
759,2977,15,11,7,13,4,22,12,2,3,10,1,16,5,14,0
760,6428,15,11,7,13,4,22,12,2,3,10,1,16,5,14,0
761,14539,6,11,7,13,4,22,12,2,3,10,1,16,5,14,0
762,3872,6,11,7,13,4,22,12,2,3,10,1,16,5,14,0
763,1632,6,11,7,13,4,22,12,2,3,10,1,16,5,14,0
764,30433,15,11,7,13,4,22,12,2,3,10,1,16,5,14,0
765,1492,6,11,7,13,4,22,12,2,3,10,1,16,5,14,0
766,35468,6,11,7,13,4,22,12,2,3,29,1,16,5,14,0
767,45557,6,11,7,13,4,22,12,2,3,29,1,16,5,14,0
768,12322,15,11,7,13,4,22,12,2,3,10,1,16,5,14,0
769,100000,15,11,7,13,4,22,12,2,3,29,1,16,5,14,0
770,317,15,11,7,13,4,22,12,2,3,10,1,16,5,14,0
771,3148,15,11,7,13,4,22,4,2,3,29,1,16,5,14,0
772,22682,15,11,7,13,4,22,4,2,3,29,1,16,5,14,0
773,1373,15,11,7,13,4,22,4,2,3,29,1,16,5,14,0
774,3837,15,11,7,13,4,22,4,2,3,10,1,16,5,14,0
775,18277,15,11,7,13,4,22,4,2,3,29,1,16,5,14,0
776,2988,15,11,7,13,4,22,4,2,3,29,1,16,5,14,0
777,9247,15,11,7,13,4,22,4,2,3,29,1,16,5,14,0
778,6142,15,11,7,13,4,22,4,2,3,29,1,16,5,14,0
779,73417,15,11,7,13,4,22,4,2,3,10,1,16,5,14,0
780,5045,15,11,7,13,4,22,12,2,3,29,1,16,5,14,0
781,3315,15,11,7,13,4,22,12,2,3,29,1,16,5,14,0
782,636,15,11,7,13,4,22,4,2,3,29,1,16,5,14,0
783,1313,15,11,7,13,4,22,12,2,3,29,1,16,5,14,0
784,47540,6,11,7,13,4,22,12,2,3,29,1,16,5,14,0
785,11,6,11,7,13,4,22,12,2,3,10,1,16,5,14,0
786,22193,6,11,7,13,4,22,12,2,3,29,1,16,5,14,0
787,4421,6,11,7,13,4,22,12,2,3,10,1,16,5,14,0
788,2527,15,11,7,13,4,22,12,2,3,29,1,16,5,14,0
789,2563,6,11,7,13,4,22,12,2,3,10,1,16,5,14,0
790,33875,15,11,7,13,4,22,4,2,3,10,1,16,5,14,0
791,14555,6,11,7,13,4,22,12,2,3,10,1,16,5,14,0
792,2602,15,11,7,13,4,22,12,2,3,10,1,16,5,14,0
793,7793,6,11,7,13,4,22,12,2,3,10,1,16,5,14,0
794,2086,6,11,7,13,4,22,12,2,3,10,1,16,5,14,0
795,6428,6,11,7,13,4,22,12,2,3,10,1,16,5,14,0
796,15712,6,11,7,13,4,22,12,2,3,10,1,16,5,14,0
797,19283,6,11,7,13,4,22,4,2,3,10,1,16,5,14,0
798,1525,6,11,7,13,4,22,12,2,3,10,1,16,5,14,0
799,4388,6,11,7,13,4,22,12,2,3,10,1,16,5,14,0
800,331,15,11,7,13,4,22,12,2,3,10,1,16,5,14,0
801,7078,6,11,7,13,4,22,12,2,3,29,1,16,5,14,0
802,4866,6,11,7,13,4,22,4,2,3,10,1,16,5,14,0
803,4906,6,11,7,13,4,22,12,2,3,10,1,16,5,14,0
804,5521,15,11,7,13,4,22,4,2,3,29,1,16,5,14,0
805,3029,6,11,7,13,4,22,12,2,3,10,1,16,5,14,0
806,37856,6,11,7,13,4,22,4,2,3,29,1,16,5,14,0
807,2764,6,11,7,13,4,22,12,2,3,10,1,16,5,14,0
808,1313,6,11,7,13,4,22,12,2,3,10,1,16,5,14,0
809,1245,6,11,7,13,4,22,12,2,3,10,1,16,5,14,0
810,37705,6,11,7,13,4,22,12,2,3,29,1,16,5,14,0
811,62937,6,11,7,13,4,22,12,2,3,29,1,16,5,14,0
812,47540,6,11,7,13,4,22,12,2,3,29,1,16,5,14,0
813,9560,6,11,7,13,4,22,12,2,3,10,1,16,5,14,0
814,11,6,11,7,13,4,22,12,2,3,10,1,16,5,14,0
815,8904,6,11,7,13,4,22,12,2,3,10,1,16,5,14,0
816,657,6,11,7,13,4,22,12,2,3,10,1,16,5,14,0
817,18261,6,11,7,13,4,22,12,2,3,10,1,16,5,14,0
818,6164,15,11,7,13,4,22,12,2,3,10,1,16,5,14,0
819,657,15,11,7,13,4,22,12,2,3,29,1,16,5,14,0
820,10133,6,11,7,13,4,22,12,2,3,10,1,16,5,14,0
821,3898,15,11,7,13,4,22,12,2,3,10,1,16,5,14,0
822,63501,15,11,7,13,4,22,12,2,3,10,1,16,5,14,0
823,11,6,11,7,13,4,22,4,2,3,29,1,16,5,14,0
824,76727,15,11,7,13,4,22,12,2,3,29,1,16,5,14,0
825,1667,15,11,7,13,4,22,12,2,3,10,1,16,5,14,0
826,2456,15,11,7,13,4,22,12,2,3,10,1,16,5,14,0
827,11,6,11,7,13,4,22,12,2,3,10,1,16,5,14,0
828,3616,15,11,7,13,4,22,12,2,3,10,1,16,5,14,0
829,unknown,6,11,7,13,4,22,4,2,3,10,1,16,5,14,0
830,1165,6,11,7,13,4,22,12,2,3,10,1,16,5,14,0
831,17585,6,11,7,13,4,22,12,2,3,10,1,16,5,14,0
832,7398,6,11,7,13,4,22,12,2,3,10,1,16,5,14,0
833,6128,6,11,7,13,4,22,12,2,3,10,1,16,5,14,0
834,6569,6,11,7,13,4,22,12,2,3,29,1,16,5,14,0
835,8837,6,11,7,13,4,22,12,2,3,10,1,16,5,14,0
836,11,15,11,7,13,4,22,12,2,3,29,1,16,5,14,0
837,4367,6,11,7,13,4,22,12,2,3,10,1,16,5,14,0
838,10081,15,11,7,13,4,22,12,2,3,10,1,16,5,14,0
839,9679,15,11,7,13,4,22,12,2,3,10,1,16,5,14,0
840,76503,6,11,7,13,4,22,12,2,3,29,1,16,5,14,0
841,1695,6,11,7,13,4,22,12,2,3,10,1,16,5,14,0
842,1121,15,11,7,13,4,22,12,2,3,10,1,16,5,14,0
843,487,15,11,7,13,4,22,12,2,3,10,1,16,5,14,0
844,1957,6,11,7,13,4,22,12,2,3,10,1,16,5,14,0
845,1866,6,11,7,13,4,22,12,2,3,29,1,16,5,14,0
846,12762,6,11,7,13,4,22,12,2,3,10,1,16,5,14,0
847,10903,6,11,7,13,4,22,12,2,3,10,1,16,5,14,0
848,7908,15,11,7,13,4,22,12,2,3,10,1,16,5,14,0
849,11522,6,11,7,13,4,22,12,2,3,10,1,16,5,14,0
850,4462,6,11,7,13,4,22,4,2,3,10,1,16,5,14,0
851,11,6,11,7,13,4,22,12,2,3,10,1,16,5,14,0
852,1567,6,11,7,13,4,22,12,2,3,10,1,16,5,14,0
853,1323,15,11,7,13,4,22,12,2,3,10,1,16,5,14,0
854,29629,15,11,7,13,4,22,12,2,3,29,1,16,5,14,0
855,73417,6,11,7,13,4,22,12,2,3,10,1,16,5,14,0
856,3072,15,11,7,13,4,22,12,2,3,10,1,16,5,14,0
857,6709,6,11,7,13,4,22,12,2,3,10,1,16,5,14,0
858,22948,6,11,7,13,4,22,12,2,3,10,1,16,5,14,0
859,3571,15,11,7,13,4,22,12,2,3,10,1,16,5,14,0
860,1373,6,11,7,13,4,22,12,2,3,10,1,16,5,14,0
861,8099,6,11,7,13,4,22,12,2,3,10,1,16,5,14,0
862,10146,6,11,7,13,4,22,12,2,3,10,1,16,5,14,0
863,17175,15,11,7,13,4,22,12,2,3,10,1,16,5,14,0
864,2709,6,11,7,13,4,22,12,2,3,10,1,16,5,14,0
865,6899,6,11,7,13,4,22,12,2,3,10,1,16,5,14,0
866,34413,6,11,7,13,4,22,12,2,3,29,1,16,5,14,0
867,14408,6,11,7,13,4,22,12,2,3,10,1,16,5,14,0
868,1378,15,11,7,13,4,22,12,2,3,29,1,16,5,14,0
869,1079,6,11,7,13,4,22,12,2,3,10,1,16,5,14,0
870,1401,6,11,7,13,4,22,12,2,3,10,1,16,5,14,0
871,unknown,6,11,7,13,4,22,12,2,3,10,1,16,5,14,0
872,8991,6,11,7,13,4,22,12,2,3,10,1,16,5,14,0
873,5212,6,11,7,13,4,22,4,2,3,10,1,16,5,14,0
874,1872,6,11,7,13,4,22,12,2,3,10,1,16,5,14,0
875,6959,6,11,7,13,4,22,12,2,3,10,1,16,5,14,0
876,9206,15,11,7,13,4,22,12,2,3,10,1,16,5,14,0
877,20176,6,11,7,13,4,22,12,2,3,10,1,16,5,14,0
878,10941,6,11,7,13,4,22,12,2,3,10,1,16,5,14,0
879,1822,6,11,7,13,4,22,12,2,3,10,1,16,5,14,0
880,44814,6,11,7,13,4,22,12,2,3,29,1,16,5,14,0
881,1401,15,11,7,13,4,22,12,2,3,10,1,16,5,14,0
882,unknown,15,11,7,13,4,22,12,2,3,10,1,16,5,14,0
883,3433,6,11,7,13,4,22,12,2,3,10,1,16,5,14,0
884,17175,15,11,7,13,4,22,12,2,3,10,1,16,5,14,0
885,58689,6,11,7,13,4,22,12,2,3,10,1,16,5,14,0
886,11,15,11,7,13,4,22,12,2,3,10,1,16,5,14,0
887,331,6,11,7,13,4,22,4,2,3,29,1,16,5,14,0
888,9886,6,11,7,13,4,22,12,2,3,10,1,16,5,14,0
889,2170,6,11,7,13,4,22,12,2,3,10,1,16,5,14,0
890,14153,15,11,7,13,4,22,12,2,3,10,1,16,5,14,0
891,25437,6,11,7,13,4,22,12,2,3,10,1,16,5,14,0
892,1667,15,11,7,13,4,22,12,2,3,10,1,16,5,14,0
893,1275,6,11,7,13,4,22,12,2,3,10,1,16,5,14,0
894,5485,6,11,7,13,4,22,12,2,3,10,1,16,5,14,0
895,1608,6,11,7,13,4,22,12,2,3,10,1,16,5,14,0
896,41741,6,11,7,13,4,22,12,2,3,10,1,16,5,14,0
897,2124,6,11,7,13,4,22,12,2,3,10,1,16,5,14,0
898,4716,6,11,7,13,4,22,12,2,3,10,1,16,5,14,0
899,1079,6,11,7,13,4,22,12,2,3,10,1,16,5,14,0
900,4245,6,11,7,13,4,22,12,2,3,10,1,16,5,14,0
901,1822,6,11,7,13,4,22,12,2,3,10,1,16,5,14,0
902,1217,6,11,7,13,4,22,12,2,3,10,1,16,5,14,0
903,1069,15,11,7,13,4,22,12,2,3,10,1,16,5,14,0
904,3898,15,11,7,13,4,22,12,2,3,10,1,16,5,14,0
905,1136,6,11,7,13,4,22,12,2,3,10,1,16,5,14,0
906,1401,6,11,7,13,4,22,12,2,3,10,1,16,5,14,0
907,1099,6,11,7,13,4,22,12,2,3,10,1,16,5,14,0
908,58689,6,11,7,13,4,22,12,2,3,10,1,16,5,14,0
909,2421,6,11,7,13,4,22,12,2,3,10,1,16,5,14,0
910,2341,15,11,7,13,4,22,12,2,3,10,1,16,5,14,0
911,9340,15,11,7,13,4,22,12,2,3,10,1,16,5,14,0
912,7416,6,11,7,13,4,22,12,2,3,10,1,16,5,14,0
913,unknown,6,11,7,13,4,22,12,2,3,10,1,16,5,14,0
914,41613,6,11,7,13,4,22,12,2,3,10,1,16,5,14,0
915,99969,6,11,7,13,4,22,12,2,3,10,1,16,5,14,0
916,331,6,11,7,13,4,22,12,2,3,10,1,16,5,14,0
917,3365,6,11,7,13,4,22,12,2,3,10,1,16,5,14,0
918,1207,6,11,7,13,4,22,12,2,3,10,1,16,5,14,0
919,2421,6,11,7,13,4,22,12,2,3,10,1,16,5,14,0
920,6143,6,11,7,13,4,22,12,2,3,10,1,16,5,14,0
921,2481,6,11,7,13,4,22,12,2,3,29,1,16,5,14,0
922,3427,6,11,7,13,4,22,12,2,3,10,1,16,5,14,0
923,254,6,11,7,13,4,22,12,2,3,10,1,16,5,14,0
924,3694,6,11,7,13,4,22,12,2,3,10,1,16,5,14,0
925,19404,6,11,7,13,4,22,12,2,3,10,1,16,5,14,0
926,7142,6,11,7,13,4,22,12,2,3,10,1,16,5,14,0
927,63084,6,11,7,13,4,22,12,2,3,10,1,16,5,14,0
928,90559,6,11,7,13,4,22,12,2,3,10,1,16,5,14,0
929,8728,6,11,7,13,4,22,12,2,3,10,1,16,5,14,0
930,6406,6,11,7,13,4,22,12,2,3,10,1,16,5,14,0
931,1373,6,11,7,13,4,22,12,2,3,10,1,16,5,14,0
932,1667,15,11,7,13,4,22,12,2,3,10,1,16,5,14,0
933,6791,15,11,7,13,4,22,12,2,3,10,1,16,5,14,0
934,64058,6,11,7,13,4,22,12,2,3,10,1,16,5,14,0
935,11,15,11,7,13,4,22,12,2,3,10,1,16,5,14,0
936,3507,15,11,7,13,4,22,12,2,3,10,1,16,5,14,0
937,13584,6,11,7,13,4,22,12,2,3,10,1,16,5,14,0
938,15886,15,11,7,13,4,22,12,2,3,10,1,16,5,14,0
939,6806,6,11,7,13,4,22,12,2,3,10,1,16,5,14,0
940,6780,6,11,7,13,4,22,12,2,3,10,1,16,5,14,0
941,1297,6,11,7,13,4,22,12,2,3,10,1,16,5,14,0
942,1373,15,11,7,13,4,22,12,2,3,10,1,16,5,14,0
943,1121,6,11,7,13,4,22,12,2,3,10,1,16,5,14,0
944,13053,6,11,7,13,4,22,12,2,3,10,1,16,5,14,0
945,32328,15,11,7,13,4,22,12,2,3,29,1,16,5,14,0
946,39187,6,11,7,13,4,22,12,2,3,10,1,16,5,14,0
947,26981,15,11,7,13,4,22,12,2,3,29,1,16,5,14,0
948,3898,6,11,7,13,4,22,12,2,3,29,1,16,5,14,0
949,57580,6,11,7,13,4,22,4,2,3,10,1,16,5,14,0
950,unknown,6,11,7,13,4,22,12,2,3,10,1,16,5,14,0
951,2603,6,11,7,13,4,22,12,2,3,10,1,16,5,14,0
952,2367,6,11,7,13,4,22,12,2,3,10,1,16,5,14,0
953,1245,6,11,7,13,4,22,12,2,3,10,1,16,5,14,0
954,8476,15,11,7,13,4,22,12,2,3,29,1,16,5,14,0
955,11820,6,11,7,13,4,22,12,2,3,10,1,16,5,14,0
956,10849,6,11,7,13,4,22,12,2,3,10,1,16,5,14,0
957,27509,6,11,7,13,4,22,12,2,3,10,1,16,5,14,0
958,3502,6,11,7,13,4,22,12,2,3,10,1,16,5,14,0
959,1225,6,11,7,13,4,22,12,2,3,10,1,16,5,14,0
960,3358,6,11,7,13,4,22,12,2,3,10,1,16,5,14,0
961,1562,6,11,7,13,4,22,12,2,3,10,1,16,5,14,0
962,48718,15,11,7,13,4,22,12,2,3,10,1,16,5,14,0
963,47540,6,11,7,13,4,22,12,2,3,10,1,16,5,14,0
964,11,6,11,7,13,4,22,12,2,3,10,1,16,5,14,0
965,27474,6,11,7,13,4,22,12,2,3,10,1,16,5,14,0
966,14153,15,11,7,13,4,22,12,2,3,10,1,16,5,14,0
967,7684,6,11,7,13,4,22,12,2,3,10,1,16,5,14,0
968,11,15,11,7,13,4,22,12,2,3,10,1,16,5,14,0
969,5667,6,11,7,13,4,22,12,2,3,10,1,16,5,14,0
970,22955,6,11,7,13,4,22,12,2,3,29,1,16,5,14,0
971,20214,6,11,7,13,4,22,12,2,3,10,1,16,5,14,0
972,11,15,11,7,13,4,22,12,2,3,10,1,16,5,14,0
973,64905,6,11,7,13,4,22,12,2,3,10,1,16,5,14,0
974,35114,6,11,7,13,4,22,12,2,3,10,1,16,5,14,0
975,13602,6,11,7,13,4,22,12,2,3,10,1,16,5,14,0
976,11,6,11,7,13,4,22,12,2,3,10,1,16,5,14,0
977,2170,15,11,7,13,4,22,12,2,3,10,1,16,5,14,0
978,81730,6,11,7,13,4,22,12,2,3,10,1,16,5,14,0
979,72903,6,11,7,13,4,22,12,2,3,10,1,16,5,14,0
980,11,6,11,7,13,4,22,4,2,3,10,1,16,5,14,0
981,4377,6,11,7,13,4,22,12,2,3,10,1,16,5,14,0
982,5969,6,11,7,13,4,22,12,2,3,10,1,16,5,14,0
983,12177,15,11,7,13,4,22,12,2,3,10,1,16,5,14,0
984,3450,15,11,7,13,4,22,12,2,3,10,1,16,5,14,0
985,4256,15,11,7,13,4,22,12,2,3,10,1,16,5,14,0
986,1853,6,11,7,13,4,22,12,2,3,10,1,16,5,14,0
987,5023,6,11,7,13,4,22,12,2,3,10,1,16,5,14,0
988,1083,15,11,7,13,4,22,12,2,3,10,1,16,5,14,0
989,7204,15,11,7,13,4,22,12,2,3,10,1,16,5,14,0
990,1481,15,11,7,13,4,22,12,2,3,10,1,16,5,14,0
991,4078,6,11,7,13,4,22,12,2,3,10,1,16,5,14,0
992,14153,15,11,7,13,4,22,12,2,3,10,1,16,5,14,0
993,4256,15,11,7,13,4,22,12,2,3,10,1,16,5,14,0
994,3190,6,11,7,13,4,22,12,2,3,10,1,16,5,14,0
995,4614,15,11,7,13,4,22,12,2,3,10,1,16,5,14,0
996,7742,6,11,7,13,4,22,12,2,3,10,1,16,5,14,0
997,10176,6,11,7,13,4,22,12,2,3,10,1,16,5,14,0
998,2527,6,11,7,13,4,22,12,2,3,10,1,16,5,14,0
999,4256,15,11,7,13,4,22,12,2,3,10,1,16,5,14,0
1000,2170,6,11,7,13,4,22,12,2,3,10,1,16,5,14,0
1001,13024,6,11,7,13,4,22,12,2,3,10,1,16,5,14,0
1002,23080,15,11,7,13,4,22,12,2,3,10,1,16,5,14,0
1003,41482,6,11,7,13,4,22,12,2,3,10,1,16,5,14,0
1004,9886,6,11,7,13,4,22,12,2,3,10,1,16,5,14,0
1005,unknown,15,11,7,13,4,22,12,2,3,10,1,16,5,14,0
1006,64697,6,11,7,13,4,22,12,2,3,10,1,16,5,14,0
1007,34753,15,11,7,13,4,22,12,2,3,10,1,16,5,14,0
1008,2635,6,11,7,13,4,22,12,2,3,10,1,16,5,14,0
1009,4256,15,11,7,13,4,22,12,2,3,10,1,16,5,14,0
1010,11470,6,11,7,13,4,22,12,2,3,10,1,16,5,14,0
1011,22062,6,11,7,13,4,22,12,2,3,10,1,16,5,14,0
1012,3315,6,11,7,13,4,22,12,2,3,10,1,16,5,14,0
1013,76412,6,11,7,13,4,22,12,2,3,10,1,16,5,14,0
1014,9743,15,11,7,13,4,22,12,2,3,10,1,16,5,14,0
1015,18790,6,11,7,13,4,22,12,2,3,10,1,16,5,14,0
1016,4408,6,11,7,13,4,22,12,2,3,10,1,16,5,14,0
1017,15977,6,11,7,13,4,22,12,2,3,10,1,16,5,14,0
1018,4256,15,11,7,13,4,22,12,2,3,10,1,16,5,14,0
1019,8991,15,11,7,13,4,22,12,2,3,10,1,16,5,14,0
1020,22193,6,11,7,13,4,22,12,2,3,10,1,16,5,14,0
1021,2112,15,11,7,13,4,22,12,2,3,10,1,16,5,14,0
1022,5181,6,11,7,13,4,22,12,2,3,10,1,16,5,14,0
1023,22193,15,11,7,13,4,22,12,2,3,10,1,16,5,14,0
